ORI	DES	TIME	ARR
MNL	SIN	1417315200	1417328400
HKG	MNL	1417315200	1417322400
HKG	YYZ	1417315200	1417368600
JED	DXB	1417315200	1417325400
SIN	JNB	1417315200	1417353900
KUL	SIN	1417315500	1417319100
CTU	PVG	1417315500	1417325100
MNL	TPE	1417315500	1417322700
NRT	MNL	1417315500	1417333500
BOM	DEL	1417315500	1417323600
GRU	MCO	1417315500	1417348800
NRT	TPE	1417315500	1417329900
SYD	BNE	1417315500	1417320900
CAN	SIN	1417315500	1417330200
SYD	SIN	1417315500	1417345500
SIN	DXB	1417315500	1417342800
SIN	MEL	1417315500	1417342500
SVO	MAD	1417315500	1417335300
SIN	HKG	1417315800	1417330200
CAN	CTU	1417315800	1417325100
CTU	CAN	1417315800	1417324200
NRT	DEL	1417315800	1417351800
HKG	KUL	1417315800	1417329600
TPE	HKG	1417315800	1417322400
CGK	SIN	1417315800	1417322400
HKG	SIN	1417316100	1417330800
TPE	PVG	1417316100	1417322700
GRU	JFK	1417316100	1417351800
CGK	KUL	1417316100	1417323300
PEK	GMP	1417316100	1417323000
SHA	PEK	1417316100	1417325100
SZX	PVG	1417316100	1417324500
RUH	JFK	1417316100	1417365000
CTU	PEK	1417316400	1417325700
PEK	CTU	1417316400	1417326900
MNL	HKG	1417316400	1417324800
AYT	SVO	1417316400	1417330500
CAN	SHA	1417316400	1417324800
HKG	PVG	1417316400	1417324800
BNE	MEL	1417316400	1417324800
MEL	BNE	1417316400	1417324200
MEL	SYD	1417316400	1417321500
SYD	MEL	1417316400	1417322100
TPE	NRT	1417316400	1417327500
AYT	DUS	1417316400	1417330800
NRT	HEL	1417316400	1417353600
CAN	PEK	1417316400	1417327800
PEK	CAN	1417316400	1417328100
PEK	SHA	1417316400	1417324500
DXB	DUB	1417316400	1417346400
DXB	RUH	1417316400	1417323600
KUL	DXB	1417316400	1417343400
GMP	SHA	1417316400	1417323300
NRT	CGK	1417316400	1417344600
AYT	BRU	1417316400	1417330500
SIN	KUL	1417316700	1417320300
BOM	DXB	1417316700	1417329000
DEL	BOM	1417316700	1417324500
AKL	SYD	1417316700	1417329600
SVO	CDG	1417316700	1417331400
HKG	TPE	1417316700	1417322400
DXB	JED	1417316700	1417327800
SHA	SZX	1417317000	1417327200
NRT	BOM	1417317000	1417356900
HKG	ORD	1417317000	1417369500
NRT	CDG	1417317000	1417362900
CGK	HKG	1417317000	1417335000
DXB	GIG	1417317000	1417369140
DXB	LIS	1417317000	1417348800
IST	FRA	1417317000	1417328400
HKG	CTU	1417317300	1417325700
SZX	SHA	1417317300	1417324800
GIG	MIA	1417317300	1417350060
HKG	EWR	1417317300	1417373400
SZX	KUL	1417317300	1417331400
NRT	PVG	1417317300	1417328400
NRT	VIE	1417317300	1417360500
DEL	DXB	1417317600	1417332000
PEK	SZX	1417317600	1417329300
PEK	DTW	1417317600	1417366200
MNL	RUH	1417317600	1417356900
DEL	SIN	1417317900	1417338900
KUL	CGK	1417317900	1417325700
HEL	LIS	1417317900	1417336200
NRT	LHR	1417317900	1417363200
CAN	TPE	1417317900	1417325400
DXB	MAD	1417317900	1417347000
GRU	DXB	1417317900	1417367700
SYD	CGK	1417317900	1417345200
NRT	FRA	1417317900	1417362000
CTU	SZX	1417318200	1417327500
SHA	CAN	1417318200	1417326600
GMP	PEK	1417318200	1417326000
PEK	FRA	1417318200	1417355400
SYD	SFO	1417318200	1417367700
NRT	CPH	1417318200	1417359900
PEK	HEL	1417318500	1417350300
DXB	BCN	1417318800	1417346100
HKG	SVO	1417318800	1417357200
SHA	CTU	1417319100	1417330800
RUH	BOM	1417319100	1417333800
DXB	LHR	1417319100	1417347300
CAN	SVO	1417319100	1417356900
DXB	ARN	1417319100	1417344300
SIN	CGK	1417319100	1417325700
PEK	SVO	1417319400	1417350300
SZX	SIN	1417319400	1417333800
SIN	TPE	1417319700	1417336200
SZX	CTU	1417319700	1417329000
HKG	SHA	1417319700	1417329000
PEK	AMS	1417319700	1417357200
RUH	DXB	1417319700	1417326000
IST	AMS	1417319700	1417332600
NRT	IST	1417319700	1417363800
SVO	BCN	1417319700	1417336200
SVO	MUC	1417319700	1417331700
MNL	CAN	1417320000	1417328700
BOM	JED	1417320000	1417339200
ATH	FCO	1417320000	1417327500
AKL	BNE	1417320000	1417333200
SYD	LAX	1417320000	1417369500
DXB	CDG	1417320000	1417346700
HEL	BCN	1417320000	1417334400
HKG	PEK	1417320000	1417331400
AKL	MEL	1417320000	1417335000
RUH	JED	1417320000	1417326300
RUH	IST	1417320000	1417336200
SVO	FCO	1417320300	1417334100
FRA	AYT	1417320300	1417332600
ATH	MUC	1417320600	1417329900
GRU	MIA	1417320600	1417351140
HEL	MUC	1417320600	1417330200
PEK	LHR	1417320600	1417361700
SZX	PEK	1417320600	1417332900
MEL	KUL	1417320600	1417349400
CGK	JED	1417320600	1417355400
NRT	SVO	1417320600	1417358100
DEL	FRA	1417320900	1417355100
FCO	MAD	1417320900	1417329900
CAN	PVG	1417320900	1417329600
PEK	HKG	1417320900	1417333500
IST	MUC	1417320900	1417330800
SVO	DUS	1417320900	1417333500
CTU	SHA	1417321200	1417330800
BOM	SIN	1417321200	1417341600
DXB	AMS	1417321200	1417347600
DXB	LAX	1417321200	1417379700
PEK	VIE	1417321200	1417359600
SIN	MNL	1417321500	1417334400
MNL	DXB	1417321500	1417356900
IST	CDG	1417321500	1417334700
SYD	DFW	1417321500	1417376700
GRU	BOG	1417321500	1417343400
MEL	HKG	1417321500	1417355100
DXB	IST	1417321500	1417339800
DXB	ZRH	1417321500	1417346400
SVO	LHR	1417321500	1417337100
SVO	AYT	1417321800	1417335600
HKG	SFO	1417321800	1417364700
DXB	JFK	1417321800	1417373400
TPE	SZX	1417321800	1417327200
SYD	KUL	1417321800	1417352100
DXB	CPH	1417321800	1417346700
ATH	ZRH	1417321800	1417332000
SVO	FRA	1417321800	1417334400
ATH	CDG	1417322100	1417334400
HKG	BNE	1417322100	1417353600
SYD	AKL	1417322400	1417333800
BNE	SIN	1417322400	1417351200
SYD	HKG	1417322400	1417356000
DXB	DUS	1417322400	1417348200
DXB	FRA	1417322400	1417347900
AYT	IST	1417322700	1417327200
JED	IST	1417322700	1417337100
DXB	BOS	1417322700	1417374600
SIN	CTU	1417322700	1417339500
MUC	AYT	1417323000	1417333800
DXB	SFO	1417323000	1417380600
SIN	LHR	1417323000	1417374000
SVO	DXB	1417323000	1417342200
PEK	MNL	1417323300	1417340400
TPE	PEK	1417323300	1417335300
DXB	MUC	1417323300	1417347000
BRU	AMS	1417323300	1417326300
IST	AYT	1417323600	1417327800
DUS	AYT	1417323600	1417336200
CPH	AMS	1417323600	1417329000
HEL	AMS	1417323600	1417333500
LIS	AMS	1417323600	1417334700
TXL	AMS	1417323600	1417328700
TPE	SFO	1417323600	1417362000
PEK	JFK	1417323600	1417372200
BCN	AMS	1417323600	1417332600
MAD	AMS	1417323600	1417333500
BCN	IST	1417323600	1417335900
ATH	FRA	1417323900	1417335300
ATH	IST	1417323900	1417328700
ATL	ORD	1417323900	1417332600
HKG	LAX	1417323900	1417369200
PVG	CDG	1417323900	1417368600
PVG	FRA	1417323900	1417367400
PVG	PEK	1417323900	1417332900
PVG	AMS	1417323900	1417366800
BCN	FRA	1417323900	1417332300
DUS	SVO	1417323900	1417335300
JED	JNB	1417323900	1417350600
PVG	SIN	1417324200	1417344600
HEL	FRA	1417324200	1417334700
MAD	FRA	1417324200	1417334100
VIE	FRA	1417324200	1417329900
YYZ	IAH	1417324200	1417336800
DEL	HEL	1417324200	1417351800
DUS	AMS	1417324200	1417327800
FCO	AMS	1417324200	1417333800
NRT	FCO	1417324200	1417370400
CTU	TPE	1417324200	1417336200
TPE	CAN	1417324200	1417331700
ARN	FCO	1417324200	1417335600
OSL	CPH	1417324200	1417328700
DXB	FCO	1417324200	1417347600
DXB	PVG	1417324200	1417352100
GIG	DXB	1417324200	1417373400
JFK	MEX	1417324500	1417344900
CLT	BWI	1417324500	1417329540
CLT	FLL	1417324500	1417331280
KUL	HKG	1417324500	1417338600
JFK	BOG	1417324500	1417344600
BRU	LIS	1417324500	1417334400
ARN	AMS	1417324500	1417332600
MAD	FCO	1417324500	1417333200
ARN	CPH	1417324500	1417329000
DXB	VIE	1417324500	1417347000
BRU	AYT	1417324500	1417337700
MNL	KUL	1417324800	1417338300
CLT	MCO	1417324800	1417330380
CLT	PHL	1417324800	1417330260
CLT	PHX	1417324800	1417341180
ARN	CDG	1417324800	1417334400
DUS	CDG	1417324800	1417329300
JFK	TPE	1417324800	1417383000
PEK	DUS	1417324800	1417363800
KUL	MEL	1417324800	1417353000
DUS	FRA	1417324800	1417328100
OSL	FRA	1417324800	1417333200
DXB	BOM	1417325100	1417335600
CLT	ATL	1417325100	1417329240
CLT	DFW	1417325100	1417335120
CLT	EWR	1417325100	1417331100
CLT	TPA	1417325100	1417330740
TXL	DUS	1417325100	1417329000
KUL	CAN	1417325100	1417339800
BCN	FCO	1417325100	1417331400
CPH	FRA	1417325100	1417330800
PEK	NRT	1417325100	1417337700
IST	JFK	1417325100	1417365900
VIE	TXL	1417325400	1417329900
PVG	MNL	1417325400	1417338000
CLT	BOS	1417325400	1417332540
CLT	JFK	1417325400	1417331580
CLT	ORD	1417325400	1417332540
NRT	HKG	1417325400	1417344300
DUS	MUC	1417325400	1417329600
TXL	AYT	1417325400	1417336800
VIE	MUC	1417325400	1417329300
PEK	CDG	1417325400	1417365900
FCO	MUC	1417325400	1417331100
DXB	IAH	1417325400	1417385100
TPE	LAX	1417325400	1417370400
PEK	FCO	1417325400	1417366200
PEK	LAX	1417325400	1417368600
SIN	CAN	1417325400	1417340100
OSL	AMS	1417325400	1417332600
FRA	ZRH	1417325400	1417328700
MAD	LIS	1417325400	1417329900
SVO	ATH	1417325400	1417341000
IST	DUB	1417325400	1417342200
IST	LIS	1417325400	1417343400
HEL	CDG	1417325700	1417336800
OSL	CDG	1417325700	1417334700
MUC	FCO	1417325700	1417331100
DXB	SEA	1417325700	1417377600
HKG	AMS	1417325700	1417370700
DXB	SIN	1417325700	1417351500
ARN	FRA	1417325700	1417333800
BRU	CDG	1417325700	1417329000
BRU	BCN	1417325700	1417332600
MUC	BCN	1417325700	1417333200
DEL	LHR	1417326000	1417360200
IST	ATH	1417326000	1417331100
HKG	NRT	1417326000	1417338900
JFK	YYZ	1417326000	1417335600
VIE	LHR	1417326000	1417335300
HEL	DUS	1417326000	1417334700
PEK	TXL	1417326000	1417364400
FCO	FRA	1417326000	1417333200
FCO	ZRH	1417326000	1417332000
PEK	SFO	1417326000	1417367100
FRA	BCN	1417326000	1417333200
KUL	MNL	1417326300	1417339800
TPE	MNL	1417326300	1417333800
HEL	LHR	1417326300	1417338600
FRA	TXL	1417326300	1417330500
TXL	FRA	1417326300	1417330800
VIE	FCO	1417326300	1417331700
VIE	ZRH	1417326300	1417331400
CDG	LIS	1417326300	1417335600
FCO	CDG	1417326300	1417334100
ZRH	CDG	1417326300	1417331100
MEL	SIN	1417326300	1417353900
CDG	BRU	1417326300	1417329900
AMS	BRU	1417326300	1417329300
MUC	CPH	1417326300	1417332000
FRA	LHR	1417326600	1417332900
JFK	HKG	1417326600	1417383600
DUS	CPH	1417326600	1417331400
FRA	VIE	1417326600	1417331400
ZRH	DUS	1417326600	1417331100
BCN	CDG	1417326600	1417333500
FRA	CDG	1417326600	1417331100
AMS	DUS	1417326600	1417329600
AMS	FCO	1417326600	1417335300
PEK	ARN	1417326600	1417361400
SVO	JFK	1417326600	1417365000
AMS	OSL	1417326600	1417333800
SYD	DXB	1417326600	1417380000
AMS	MAD	1417326600	1417335900
TPE	SIN	1417326900	1417344600
DUS	ZRH	1417326900	1417331100
HEL	ZRH	1417326900	1417337100
MUC	DUS	1417326900	1417331100
VIE	MAD	1417326900	1417337700
AMS	CDG	1417326900	1417331400
CPH	CDG	1417326900	1417334100
TPE	KUL	1417326900	1417344900
FRA	CPH	1417326900	1417332000
DXB	HKG	1417326900	1417352100
DXB	ATH	1417326900	1417346400
DXB	SYD	1417326900	1417377000
FRA	AMS	1417326900	1417331700
TXL	BRU	1417326900	1417331700
ORY	BCN	1417326900	1417332600
AMS	ZRH	1417326900	1417332300
VIE	AMS	1417326900	1417334400
ZRH	AMS	1417326900	1417333800
SIN	FRA	1417326900	1417375800
SVO	PVG	1417326900	1417359000
SVO	BRU	1417326900	1417340100
SVO	IST	1417326900	1417340700
IST	MAD	1417326900	1417343400
CTU	HKG	1417327200	1417335000
TXL	LHR	1417327200	1417334400
DUS	LHR	1417327200	1417332300
LHR	VIE	1417327200	1417335600
LHR	ZRH	1417327200	1417333200
MUC	LHR	1417327200	1417334700
TXL	MUC	1417327200	1417331400
CDG	BCN	1417327200	1417333500
CDG	FCO	1417327200	1417334400
CDG	ZRH	1417327200	1417331700
LIS	CDG	1417327200	1417336200
TXL	CDG	1417327200	1417333500
HEL	ARN	1417327200	1417330800
NRT	CAN	1417327200	1417346700
PEK	MUC	1417327200	1417365300
SHA	HKG	1417327200	1417336500
MUC	FRA	1417327200	1417331400
CAN	YVR	1417327200	1417369200
FRA	DUS	1417327200	1417330200
AMS	BCN	1417327200	1417335000
MUC	AMS	1417327200	1417333500
VIE	BRU	1417327200	1417334100
DXB	DEL	1417327500	1417338900
MUC	TXL	1417327500	1417331700
VIE	CDG	1417327500	1417335300
CDG	FRA	1417327500	1417332300
ARN	HEL	1417327500	1417330800
IAH	PEK	1417327500	1417381200
PEK	PVG	1417327500	1417336200
DXB	JNB	1417327500	1417357200
BRU	FRA	1417327500	1417331400
ZRH	FRA	1417327500	1417331700
IST	BCN	1417327500	1417341000
IST	BRU	1417327500	1417340700
HEL	TXL	1417327800	1417334700
ATH	LHR	1417327800	1417342200
EWR	HKG	1417327800	1417384800
IST	LHR	1417327800	1417343100
ORD	MEX	1417327800	1417343940
ZRH	LHR	1417327800	1417334400
MAD	CDG	1417327800	1417335300
FRA	FCO	1417327800	1417334400
KUL	TPE	1417327800	1417343400
FCO	ORY	1417327800	1417335300
ORY	LIS	1417327800	1417336500
AMS	VIE	1417327800	1417334700
ZRH	MUC	1417327800	1417331400
ZRH	CPH	1417327800	1417334400
BRU	VIE	1417327800	1417333800
IST	VIE	1417327800	1417336800
SVO	VIE	1417327800	1417338600
IST	DUS	1417327800	1417340100
BOG	IAH	1417328040	1417347240
CAN	MNL	1417328100	1417336500
AMS	LHR	1417328100	1417333200
ORD	HKG	1417328100	1417385100
CDG	VIE	1417328100	1417335000
CPH	VIE	1417328100	1417334700
HEL	VIE	1417328100	1417337100
MAD	MUC	1417328100	1417337700
ZRH	VIE	1417328100	1417333200
CDG	AMS	1417328100	1417332900
CDG	CPH	1417328100	1417334700
CDG	DUB	1417328100	1417335000
CDG	MAD	1417328100	1417335600
CDG	MUC	1417328100	1417333500
MAD	ORY	1417328100	1417335300
MUC	CDG	1417328100	1417334100
NRT	PEK	1417328100	1417342800
PVG	MUC	1417328100	1417371900
DXB	GRU	1417328100	1417383000
DXB	KUL	1417328100	1417353900
DXB	MEL	1417328100	1417376100
FRA	MUC	1417328100	1417331700
ZRH	BCN	1417328100	1417334700
AMS	JNB	1417328100	1417367100
SVO	AMS	1417328100	1417341600
PVG	SVO	1417328100	1417364700
AKL	LAX	1417328100	1417372200
ARN	IST	1417328100	1417340100
TXL	IST	1417328100	1417338600
ATH	BCN	1417328400	1417340100
BOG	DFW	1417328400	1417349700
LHR	BCN	1417328400	1417335600
LHR	IST	1417328400	1417342200
OSL	LHR	1417328400	1417338000
TXL	MAD	1417328400	1417340400
DEL	PVG	1417328400	1417350000
ZRH	FCO	1417328400	1417334100
AMS	FRA	1417328400	1417332600
ORY	FCO	1417328400	1417335600
VIE	IST	1417328400	1417337100
IST	OSL	1417328400	1417342800
FCO	ATH	1417328700	1417335900
DUS	TXL	1417328700	1417332600
VIE	BCN	1417328700	1417336500
YYZ	HKG	1417328700	1417384800
NRT	MEX	1417328700	1417375200
DXB	BNE	1417328700	1417380000
FRA	BRU	1417328700	1417332300
MUC	IST	1417328700	1417338300
IST	ZRH	1417328700	1417339500
CPH	IST	1417328700	1417340400
IST	TXL	1417328700	1417339200
DXB	MNL	1417329000	1417357800
BRU	LHR	1417329000	1417333500
LHR	AMS	1417329000	1417334400
LHR	FRA	1417329000	1417334700
HEL	CPH	1417329000	1417335000
HEL	OSL	1417329000	1417334400
RUH	FCO	1417329000	1417351200
JED	LHR	1417329000	1417353300
LHR	MAD	1417329000	1417337400
YYZ	TPE	1417329000	1417385400
AMS	CAN	1417329000	1417368600
CAN	AKL	1417329000	1417370400
ATH	ARN	1417329000	1417341600
MAD	BCN	1417329000	1417334100
AKL	SFO	1417329000	1417373700
BOG	MEX	1417329120	1417346880
CGK	MNL	1417329300	1417343700
BNE	AKL	1417329300	1417340700
MUC	MAD	1417329300	1417339500
CDG	DUS	1417329300	1417333500
CDG	HEL	1417329300	1417339800
SZX	TPE	1417329300	1417334400
PVG	KUL	1417329300	1417348500
RUH	FRA	1417329300	1417355100
ZRH	BRU	1417329300	1417334400
IST	ARN	1417329300	1417342200
SVO	ZRH	1417329300	1417342200
ATH	TXL	1417329600	1417339500
BCN	LHR	1417329600	1417338300
CDG	LHR	1417329600	1417334400
LHR	CDG	1417329600	1417334400
MIA	ORD	1417329600	1417344000
ORY	LHR	1417329600	1417334400
ORY	MAD	1417329600	1417337100
CAN	KUL	1417329600	1417344300
FCO	IST	1417329600	1417338600
IST	FCO	1417329600	1417339200
MAD	GRU	1417329600	1417370100
JFK	AMS	1417329600	1417359300
OSL	MUC	1417329600	1417338600
ZRH	IST	1417329600	1417340100
IST	HEL	1417329600	1417342200
DUS	IST	1417329600	1417341600
LHR	CPH	1417329900	1417336500
LHR	FCO	1417329900	1417338900
SVO	HEL	1417329900	1417336500
DXB	CGK	1417329900	1417359900
AMS	MUC	1417329900	1417335000
FRA	IST	1417329900	1417340700
MNL	NRT	1417330200	1417345200
CDG	IST	1417330200	1417342800
FRA	MAD	1417330200	1417340400
ZRH	MAD	1417330200	1417338900
MAD	BRU	1417330200	1417338900
DEL	TPE	1417330200	1417351200
DUS	MAD	1417330500	1417340400
BOM	KUL	1417330500	1417348800
ARN	LHR	1417330500	1417340100
AMS	CPH	1417330500	1417335600
BRU	MAD	1417330500	1417339200
LIS	FCO	1417330500	1417341000
DXB	CAN	1417330500	1417355100
CTU	KUL	1417330500	1417347900
ARN	MUC	1417330500	1417338600
LIS	ORY	1417330500	1417339500
FRA	ORD	1417330500	1417364400
BSB	GRU	1417330620	1417336500
BOG	MIA	1417330740	1417344180
PVG	CTU	1417330800	1417341600
CPH	LHR	1417330800	1417338000
FCO	LHR	1417330800	1417340700
CDG	ATL	1417330800	1417367340
CPH	HEL	1417330800	1417336200
AMS	TXL	1417330800	1417335600
PEK	IAH	1417330800	1417380000
KUL	JED	1417330800	1417363800
OSL	DUB	1417330800	1417339200
BCN	BRU	1417330800	1417338600
BCN	MUC	1417330800	1417338000
MNL	YVR	1417330800	1417374000
ARN	BRU	1417330800	1417339200
MEX	ORD	1417330860	1417345920
HKG	BOM	1417331100	1417354200
AYT	TXL	1417331100	1417344000
CPH	TXL	1417331100	1417334400
LIS	BRU	1417331100	1417341000
LIS	ZRH	1417331100	1417341000
AMS	ARN	1417331100	1417338600
CPH	FCO	1417331100	1417340400
HKG	LHR	1417331100	1417378200
LIS	BCN	1417331100	1417338000
LIS	MAD	1417331100	1417335600
ORD	FRA	1417331100	1417365600
IST	CPH	1417331100	1417343400
RUH	CAN	1417331100	1417360500
BRU	IST	1417331100	1417343400
CPH	OSL	1417331400	1417335900
DXB	PEK	1417331400	1417357800
CPH	ARN	1417331400	1417335600
LIS	FRA	1417331400	1417342800
BCN	LIS	1417331400	1417338300
MEX	BOG	1417331700	1417347600
ATH	MAD	1417331700	1417345200
MUC	VIE	1417331700	1417336200
SIN	BNE	1417331700	1417359000
CDG	TXL	1417331700	1417337700
HEL	BRU	1417331700	1417341300
CAN	NRT	1417331700	1417345800
DEL	CAN	1417331700	1417348200
MSP	FLL	1417331700	1417344000
ORD	AMS	1417331700	1417363500
CPH	BRU	1417331700	1417337400
AMS	SVO	1417331700	1417343700
GRU	IST	1417331700	1417376100
BOM	RUH	1417332000	1417347000
LIS	LHR	1417332000	1417342200
TXL	ARN	1417332000	1417337400
ATL	JFK	1417332000	1417338600
FRA	JFK	1417332000	1417364100
FCO	BRU	1417332000	1417340100
MAD	LHR	1417332000	1417341000
CGK	TPE	1417332000	1417351500
HKG	RUH	1417332000	1417370100
NRT	DTW	1417332000	1417373760
MIA	MEX	1417332300	1417346220
DEL	KUL	1417332300	1417351800
LHR	DUS	1417332300	1417337100
ORD	SEA	1417332300	1417348200
BOM	CDG	1417332300	1417368300
MAD	BOG	1417332300	1417370400
PEK	SIN	1417332300	1417355100
RUH	HKG	1417332300	1417362600
JNB	DXB	1417332300	1417361400
BSB	CGH	1417332300	1417337940
CPH	SVO	1417332300	1417341000
SVO	ARN	1417332300	1417340700
SVO	OSL	1417332300	1417342500
CAN	JED	1417332300	1417372500
PHX	ATL	1417332600	1417345020
SLC	CLT	1417332600	1417345800
DEL	MEL	1417332600	1417375800
HEL	SVO	1417332600	1417338300
MEL	AKL	1417332600	1417345800
IST	GRU	1417332600	1417381800
MEX	JFK	1417332780	1417350000
CDG	JFK	1417332900	1417364100
LHR	OSL	1417332900	1417340700
ORD	YYZ	1417332900	1417341900
PHX	PHL	1417332900	1417347900
DUS	VIE	1417332900	1417338300
TXL	ZRH	1417332900	1417338000
PEK	CPH	1417332900	1417368900
CGK	DXB	1417332900	1417363500
FRA	DXB	1417332900	1417355400
AMS	ATH	1417332900	1417344300
SVO	CPH	1417332900	1417342500
PHX	DTW	1417333200	1417346400
DEL	CDG	1417333200	1417366800
FCO	BCN	1417333200	1417339800
AMS	DTW	1417333200	1417365480
CPH	ATH	1417333200	1417345200
MUC	OSL	1417333200	1417341300
SHA	GMP	1417333200	1417339200
MUC	ATH	1417333500	1417342500
DEN	MIA	1417333500	1417347120
LHR	ARN	1417333500	1417342200
NRT	JFK	1417333500	1417378500
PHX	MCO	1417333500	1417347540
MAD	VIE	1417333500	1417344000
MAD	ZRH	1417333500	1417342200
MUC	HEL	1417333500	1417342500
CAN	CGK	1417333500	1417351800
OSL	FCO	1417333500	1417344900
BCN	MAD	1417333500	1417338900
BRU	MUC	1417333500	1417338300
LIS	VIE	1417333500	1417346100
TXL	VIE	1417333800	1417338300
BOM	LHR	1417333800	1417369200
DEN	PHL	1417333800	1417345920
LHR	DUB	1417333800	1417338300
PEK	SEA	1417333800	1417372500
LHR	ORY	1417333800	1417338600
ZRH	TXL	1417333800	1417338900
PEK	YVR	1417333800	1417372200
SLC	ATL	1417333800	1417346220
SVO	PEK	1417333800	1417361400
NRT	MSP	1417333800	1417373280
NRT	SEA	1417333800	1417365840
MUC	ARN	1417333800	1417341600
ARN	ZRH	1417333800	1417342500
MAD	DUS	1417334100	1417343100
LHR	ATH	1417334100	1417347300
PHX	BOS	1417334100	1417350720
PHX	TPA	1417334100	1417347300
CPH	MUC	1417334100	1417340100
MUC	BRU	1417334100	1417338900
LIS	DUS	1417334100	1417344600
PHX	ORD	1417334340	1417345980
PVG	HKG	1417334400	1417343100
FCO	VIE	1417334400	1417340100
JED	DEL	1417334400	1417351200
BCN	CPH	1417334400	1417345200
MAD	ARN	1417334400	1417348200
NRT	IAH	1417334400	1417376700
ARN	EWR	1417334400	1417367400
LAX	MEX	1417334460	1417350600
LAX	DFW	1417334700	1417344900
LAX	HKG	1417334700	1417390800
NRT	LAX	1417334700	1417370400
PHX	MSP	1417334700	1417345560
SFO	HKG	1417334700	1417388700
JFK	FRA	1417334700	1417362300
SFO	TPE	1417334700	1417384800
HKG	CGK	1417334700	1417352400
ATL	FRA	1417335000	1417365900
CDG	SFO	1417335000	1417378200
LIS	MUC	1417335000	1417346100
PVG	TPE	1417335300	1417341600
DUS	MIA	1417335300	1417373100
NRT	ORD	1417335300	1417377000
TXL	CPH	1417335300	1417338900
DEN	ATL	1417335300	1417345320
AMS	ATL	1417335300	1417370400
AMS	EWR	1417335300	1417368300
ARN	OSL	1417335300	1417338900
NRT	SFO	1417335300	1417368600
DEN	CLT	1417335600	1417346280
LAX	MIA	1417335600	1417352700
SFO	CLT	1417335600	1417352760
TXL	MIA	1417335600	1417374600
HKG	YVR	1417335600	1417376700
NRT	ATL	1417335600	1417380780
FRA	LIS	1417335600	1417346700
MUC	EWR	1417335600	1417370100
IST	SVO	1417335600	1417348200
MUC	IAH	1417335600	1417378800
LAX	IAH	1417335780	1417347000
HKG	JFK	1417335900	1417392900
CDG	EWR	1417335900	1417367400
LAS	MSP	1417335900	1417346520
BCN	ORY	1417335900	1417342500
ZRH	GRU	1417335900	1417380300
PHX	MIA	1417336020	1417350360
SFO	DFW	1417336200	1417347900
SFO	PHL	1417336200	1417354800
ZRH	DUB	1417336200	1417344600
SIN	PVG	1417336500	1417356300
LAS	MIA	1417336500	1417352580
LAX	CLT	1417336500	1417352880
CDG	SVO	1417336500	1417349700
SFO	MSP	1417336500	1417349280
SVO	LAX	1417336500	1417382400
ARN	DUB	1417336500	1417346400
SFO	IAH	1417336500	1417349580
LAS	IAH	1417336680	1417347000
LHR	TXL	1417336800	1417343400
FRA	ATH	1417336800	1417346700
LHR	EWR	1417336800	1417367400
SFO	MIA	1417336800	1417355760
AYT	MUC	1417336800	1417348500
LAX	MSP	1417336800	1417349340
SFO	MEX	1417336800	1417352400
BCN	HEL	1417336800	1417351200
LAX	PEK	1417336800	1417383000
AMS	DUB	1417336800	1417342800
CPH	ZRH	1417336800	1417343700
BCN	ATH	1417337100	1417347300
ORD	PVG	1417337100	1417384500
CDG	OSL	1417337100	1417345500
FRA	DTW	1417337100	1417370940
MUC	ATL	1417337100	1417375920
ZRH	BOM	1417337100	1417366800
BSB	GIG	1417337100	1417343400
BRU	TXL	1417337100	1417341900
BCN	ZRH	1417337100	1417344000
JNB	GRU	1417337100	1417374000
TXL	EWR	1417337100	1417371300
ZRH	ATH	1417337100	1417346400
CGH	BSB	1417337220	1417343160
GIG	CGH	1417337280	1417341360
NRT	SIN	1417337400	1417365000
ZRH	JFK	1417337400	1417370100
FRA	HEL	1417337400	1417346100
KUL	SZX	1417337400	1417351500
SEA	MSP	1417337400	1417348500
AMS	HEL	1417337400	1417346100
DEL	FCO	1417337400	1417367100
AMS	LAX	1417337400	1417377000
FRA	IAH	1417337400	1417377600
ZRH	MIA	1417337400	1417376100
BCN	SIN	1417337400	1417383000
CGH	GIG	1417337520	1417341360
LAS	PHL	1417337700	1417353840
LAX	PHL	1417337700	1417355760
CDG	ARN	1417337700	1417346700
CDG	DXB	1417337700	1417361100
SIN	PEK	1417337700	1417359600
HKG	DXB	1417337700	1417371600
VIE	AYT	1417337700	1417347300
AMS	GRU	1417337700	1417381500
NRT	DEN	1417337700	1417375500
NRT	EWR	1417337700	1417383600
LAS	DFW	1417337880	1417346700
PHX	DFW	1417337880	1417345200
BRU	EWR	1417338000	1417368900
HKG	DEL	1417338000	1417361100
SIN	DEL	1417338000	1417358400
CDG	ATH	1417338000	1417349700
BCN	JFK	1417338000	1417371300
CDG	MIA	1417338000	1417376100
FRA	DFW	1417338000	1417379100
LHR	YYZ	1417338000	1417367400
FRA	YYZ	1417338000	1417368300
ZRH	YYZ	1417338000	1417371000
GRU	BSB	1417338000	1417344000
SEA	TPE	1417338000	1417384200
PEK	EWR	1417338000	1417387800
PEK	SYD	1417338000	1417380000
AMS	BOM	1417338000	1417374600
AMS	IAH	1417338000	1417377600
FRA	SFO	1417338000	1417379100
BRU	ZRH	1417338000	1417342500
MUC	SVO	1417338000	1417349400
MIA	BOG	1417338120	1417350900
SEA	MIA	1417338300	1417358400
AMS	MSP	1417338300	1417371120
LHR	DXB	1417338600	1417363200
LHR	MIA	1417338600	1417373700
PHX	CLT	1417338600	1417351680
DUS	ATL	1417338600	1417375320
FCO	ARN	1417338600	1417350000
GRU	GIG	1417338600	1417342500
FRA	LAX	1417338600	1417380300
BRU	YYZ	1417338900	1417370100
NRT	YVR	1417338900	1417370700
FRA	ATL	1417338900	1417376340
MEX	IAH	1417338900	1417346700
MAD	HEL	1417338900	1417354200
PVG	NRT	1417338900	1417348800
AMS	SFO	1417338900	1417380300
FRA	OSL	1417338900	1417346100
BRU	BOM	1417339200	1417371000
BRU	DEL	1417339200	1417367700
VIE	ATH	1417339200	1417347300
LHR	IAH	1417339200	1417378800
LHR	SEA	1417339200	1417374300
NRT	BOS	1417339200	1417384200
CPH	DUS	1417339200	1417344600
FRA	YVR	1417339200	1417375800
BRU	JFK	1417339200	1417370700
LHR	GRU	1417339200	1417382100
VIE	OSL	1417339200	1417348200
GIG	BSB	1417339200	1417345440
FRA	MIA	1417339200	1417377000
ZRH	EWR	1417339200	1417373700
PEK	ORD	1417339500	1417385100
FRA	JED	1417339500	1417359600
YVR	HKG	1417339500	1417388400
FCO	SVO	1417339500	1417353000
FRA	DUB	1417339500	1417347000
LAX	FRA	1417339500	1417383000
MAD	IST	1417339500	1417354200
LHR	BOM	1417339800	1417371900
CDG	ORD	1417339800	1417374900
FCO	JFK	1417339800	1417375200
LHR	ATL	1417339800	1417374600
NRT	DFW	1417339800	1417382100
CDG	DEL	1417339800	1417369200
CDG	GIG	1417339800	1417382700
CDG	GRU	1417339800	1417382400
CDG	IAH	1417339800	1417379100
CDG	LAX	1417339800	1417381800
MAD	ATL	1417339800	1417376040
FCO	BOS	1417339800	1417373700
FCO	CPH	1417339800	1417349400
FCO	MIA	1417339800	1417380900
BRU	CPH	1417339800	1417345200
AMS	SIN	1417339800	1417384500
NRT	AKL	1417339800	1417378800
DUS	DUB	1417340100	1417346700
MAD	JFK	1417340100	1417371900
ARN	TXL	1417340100	1417345800
VIE	YYZ	1417340100	1417375500
CDG	MSP	1417340100	1417374180
FRA	SEA	1417340100	1417378500
AMS	JFK	1417340100	1417370580
ZRH	SIN	1417340100	1417384800
JNB	BOM	1417340400	1417372500
PEK	DXB	1417340400	1417374900
FRA	TPE	1417340400	1417385400
AMS	SEA	1417340400	1417378020
AMS	GIG	1417340400	1417383600
BCN	EWR	1417340400	1417374600
FRA	CLT	1417340700	1417377000
VIE	JFK	1417340700	1417375500
MAD	ATH	1417341000	1417353300
BRU	PHL	1417341000	1417372800
BRU	ATL	1417341000	1417377180
CDG	BOM	1417341000	1417372500
CDG	DTW	1417341000	1417373700
HKG	AKL	1417341000	1417380600
OSL	ARN	1417341000	1417344600
BCN	DUB	1417341000	1417350900
MAD	JED	1417341000	1417361400
GIG	GRU	1417341180	1417345800
LHR	ORD	1417341300	1417373400
ZRH	HEL	1417341300	1417351500
CDG	BOG	1417341300	1417382400
FCO	HEL	1417341300	1417353600
FCO	DXB	1417341300	1417362000
EWR	CLT	1417341600	1417348200
FLL	CLT	1417341600	1417348440
MAD	MIA	1417341600	1417377300
TXL	BCN	1417341600	1417350900
CDG	SIN	1417341600	1417386900
SYD	PEK	1417341600	1417384200
AKL	CAN	1417341600	1417384800
AMS	ORD	1417341600	1417375500
FRA	BOS	1417341600	1417371600
MUC	LIS	1417341600	1417353300
AYT	CPH	1417341600	1417355100
BRU	ARN	1417341600	1417349400
OSL	EWR	1417341600	1417371900
VIE	TPE	1417341900	1417384500
MUC	DUB	1417341900	1417351500
FRA	EWR	1417341900	1417374600
BRU	ORD	1417341900	1417376400
TXL	ATH	1417342200	1417352700
CDG	PHL	1417342200	1417374000
MCO	MIA	1417342200	1417345980
PVG	LAX	1417342200	1417382400
CDG	JED	1417342200	1417361700
AMS	BOS	1417342200	1417371060
AMS	NRT	1417342200	1417383000
MAD	SVO	1417342200	1417360200
EWR	IAH	1417342200	1417356420
KUL	DEL	1417342500	1417361700
BOS	MIA	1417342500	1417354800
BWI	CLT	1417342500	1417347840
LHR	DFW	1417342500	1417380300
TPA	CLT	1417342500	1417348260
VIE	HEL	1417342500	1417351200
CTU	SIN	1417342500	1417360800
MAD	EWR	1417342500	1417375500
ARN	SVO	1417342500	1417350000
FCO	SIN	1417342500	1417385100
FRA	SVO	1417342500	1417353600
IST	JED	1417342500	1417356000
LIS	EWR	1417342500	1417373400
LHR	HEL	1417342800	1417353300
MCO	CLT	1417342800	1417348440
DUS	FCO	1417342800	1417350300
MCO	ATL	1417342800	1417348140
TPA	ATL	1417342800	1417348020
MUC	BOM	1417342800	1417371900
LHR	LAX	1417343100	1417383600
BCN	VIE	1417343100	1417351500
CDG	RUH	1417343100	1417365600
BRU	FCO	1417343100	1417350600
PVG	CAN	1417343100	1417351800
KUL	PEK	1417343100	1417364400
MAD	DUB	1417343100	1417352400
EWR	ATL	1417343340	1417352820
BOS	PHL	1417343400	1417348320
CDG	DFW	1417343400	1417383600
PHL	IAH	1417343400	1417357020
CDG	YYZ	1417343400	1417374300
MCO	EWR	1417343400	1417352400
SYD	PVG	1417343400	1417381200
JNB	HKG	1417343400	1417388400
VIE	DUB	1417343400	1417353600
AMS	IST	1417343400	1417355700
LIS	GRU	1417343400	1417379400
ZRH	LIS	1417343700	1417354200
BCN	MIA	1417343700	1417382100
FCO	PHL	1417343700	1417380300
PHL	MCO	1417343700	1417353300
LHR	DTW	1417343700	1417375380
FCO	LIS	1417343700	1417355100
FRA	LAS	1417343700	1417386900
NRT	SYD	1417343700	1417378800
BCN	SVO	1417343700	1417359600
ATL	DEN	1417344000	1417356600
CDG	MEX	1417344000	1417387200
BRU	HEL	1417344000	1417353300
BOS	BWI	1417344000	1417350600
LHR	RUH	1417344000	1417367400
OSL	ZRH	1417344000	1417352400
JFK	MIA	1417344300	1417355400
DUS	HEL	1417344300	1417353000
PEK	YYZ	1417344300	1417391100
CDG	CAN	1417344300	1417387200
FLL	ATL	1417344300	1417350840
AMS	LIS	1417344300	1417355100
ARN	ATH	1417344300	1417356600
MAD	CPH	1417344300	1417356000
BNE	DXB	1417344300	1417396800
MAD	GIG	1417344300	1417383300
BOS	JFK	1417344480	1417348800
BWI	ORD	1417344600	1417353000
LHR	KUL	1417344600	1417389300
LHR	SFO	1417344600	1417384200
MAD	ORD	1417344600	1417379400
PHL	DTW	1417344600	1417350240
TPA	ORD	1417344600	1417354980
MUC	YYZ	1417344600	1417377000
ATL	EWR	1417344600	1417352760
DTW	ATL	1417344600	1417352100
BOS	DTW	1417344600	1417352580
BOS	EWR	1417344600	1417349760
MUC	PVG	1417344600	1417384800
AKL	HKG	1417344600	1417385100
CAN	DEL	1417344600	1417366800
DTW	BWI	1417344600	1417350600
FLL	BWI	1417344600	1417353900
FRA	SIN	1417344600	1417387800
BWI	EWR	1417344600	1417348380
SIN	BOM	1417344900	1417363800
BOS	DFW	1417344900	1417361400
EWR	MIA	1417344900	1417355880
OSL	TXL	1417344900	1417350600
LHR	SIN	1417344900	1417390500
AKL	PVG	1417344900	1417389000
DTW	EWR	1417344900	1417350600
AKL	NRT	1417344900	1417386600
LHR	SVO	1417344900	1417358700
IST	LAX	1417344900	1417394700
EWR	SFO	1417345140	1417369020
BWI	JFK	1417345200	1417349220
BWI	MIA	1417345200	1417354980
BWI	PHL	1417345200	1417347540
CDG	KUL	1417345200	1417388400
DFW	CLT	1417345200	1417353900
DTW	MIA	1417345200	1417356300
EWR	PHL	1417345200	1417348860
FLL	PHL	1417345200	1417354740
FRA	KUL	1417345200	1417387800
JFK	LAX	1417345200	1417367700
JFK	MCO	1417345200	1417355160
MCO	DFW	1417345200	1417356300
MCO	JFK	1417345200	1417354200
MIA	DFW	1417345200	1417356840
MIA	EWR	1417345200	1417356120
MIA	PHL	1417345200	1417355040
ORD	EWR	1417345200	1417353060
ORD	MIA	1417345200	1417355940
ORD	PHX	1417345200	1417358880
PHL	ORD	1417345200	1417353840
PHL	SFO	1417345200	1417367940
TPA	JFK	1417345200	1417354200
YYZ	ORD	1417345200	1417352700
AMS	KUL	1417345200	1417388400
ATL	SFO	1417345200	1417364160
BOS	ATL	1417345200	1417355700
JFK	ATL	1417345200	1417354320
HKG	SYD	1417345200	1417378500
BOS	SFO	1417345200	1417369680
EWR	FLL	1417345200	1417356660
EWR	MCO	1417345200	1417355400
EWR	TPA	1417345200	1417355940
FLL	EWR	1417345200	1417355340
FLL	JFK	1417345200	1417355100
DTW	IAH	1417345200	1417356300
EWR	DTW	1417345200	1417352220
EWR	MSP	1417345200	1417356840
PHL	JFK	1417345200	1417348680
ARN	ORY	1417345200	1417354800
FCO	DUB	1417345200	1417357200
VIE	SVO	1417345200	1417354800
BOS	IAH	1417345200	1417361220
BWI	SFO	1417345200	1417367580
MSP	IAH	1417345380	1417356180
EWR	ORD	1417345440	1417354800
TXL	HEL	1417345500	1417352400
BOS	ORD	1417345500	1417356000
BOS	PHX	1417345500	1417367640
CLT	DTW	1417345500	1417352400
DTW	ORD	1417345500	1417350060
JFK	SFO	1417345500	1417369320
MUC	DEL	1417345500	1417372800
CAN	DXB	1417345500	1417378200
DUS	EWR	1417345500	1417377600
BWI	IAH	1417345500	1417358340
EWR	LAX	1417345560	1417368300
FLL	IAH	1417345680	1417356000
MIA	IAH	1417345800	1417356060
MSP	CLT	1417345800	1417355220
ORD	IAH	1417345800	1417356120
PHL	ATL	1417345800	1417354080
TPA	DFW	1417345800	1417356000
YYZ	DTW	1417345800	1417351080
HKG	MEL	1417345800	1417379400
DTW	BOS	1417345800	1417352340
BOS	MSP	1417345800	1417357740
IAH	FRA	1417345800	1417381500
MUC	ORD	1417345800	1417383300
HEL	IST	1417345800	1417358400
SVO	HKG	1417345800	1417375200
YYZ	JFK	1417345860	1417352400
JFK	FLL	1417345860	1417356540
KUL	BOM	1417346100	1417365000
DFW	MIA	1417346100	1417355700
DTW	DFW	1417346100	1417357200
IAH	CLT	1417346100	1417354440
JFK	CLT	1417346100	1417353360
MCO	PHL	1417346100	1417354500
MUC	PHL	1417346100	1417380000
PHL	FLL	1417346100	1417356600
TPA	PHL	1417346100	1417354860
YYZ	MIA	1417346100	1417358700
BCN	TXL	1417346100	1417355400
BOS	YYZ	1417346100	1417352820
BWI	YYZ	1417346100	1417352220
CPH	YYZ	1417346100	1417376100
YYZ	ATL	1417346100	1417354980
BWI	ATL	1417346100	1417353000
BWI	BOS	1417346100	1417350900
TPA	BOS	1417346100	1417356420
SYD	CAN	1417346100	1417381200
BWI	DTW	1417346100	1417351980
MCO	SLC	1417346100	1417363740
PVG	DXB	1417346100	1417382700
BWI	TPA	1417346100	1417355100
TPA	BWI	1417346100	1417354200
MUC	JFK	1417346100	1417380300
OSL	IST	1417346100	1417360200
TPA	IAH	1417346340	1417355100
FCO	TXL	1417346400	1417354200
CLT	IAH	1417346400	1417356960
IAH	MIA	1417346400	1417354860
BCN	ARN	1417346400	1417359600
BWI	FLL	1417346400	1417356000
BRU	PEK	1417346400	1417382400
SYD	NRT	1417346400	1417382400
CPH	EWR	1417346400	1417378500
IST	IAH	1417346400	1417394400
MSP	ATL	1417346700	1417355760
PHL	DFW	1417346700	1417361100
PHL	YYZ	1417346700	1417352340
YYZ	MCO	1417346700	1417356900
CDG	HKG	1417346700	1417388100
CDG	PVG	1417346700	1417388400
EWR	BOS	1417346700	1417350780
FLL	BOS	1417346700	1417357620
LHR	HKG	1417346700	1417388400
SIN	SYD	1417346700	1417375500
FCO	HKG	1417346700	1417387800
KUL	PVG	1417346700	1417365300
KUL	SYD	1417346700	1417376400
MEL	DXB	1417346700	1417397400
IST	SIN	1417346700	1417383900
MUC	CLT	1417346700	1417384200
MCO	IAH	1417346700	1417355880
CPH	SFO	1417346700	1417387500
ATL	PHL	1417347000	1417353960
CLT	MSP	1417347000	1417357140
DFW	IAH	1417347000	1417351260
DUS	ORD	1417347000	1417381800
JFK	PHX	1417347000	1417367880
JFK	TPA	1417347000	1417357440
MCO	LAX	1417347000	1417367040
MIA	ATL	1417347000	1417354080
MIA	CLT	1417347000	1417354500
ORD	DEN	1417347000	1417356900
ORD	FLL	1417347000	1417357680
PHL	CLT	1417347000	1417353240
YYZ	DFW	1417347000	1417360500
YYZ	PHL	1417347000	1417353360
YYZ	BOS	1417347000	1417352400
YYZ	EWR	1417347000	1417353300
ATL	IAH	1417347000	1417355700
LHR	NRT	1417347000	1417389900
TPE	JFK	1417347000	1417399800
MEL	PVG	1417347000	1417385100
MCO	BWI	1417347000	1417355100
ATH	AMS	1417347000	1417360200
ZRH	PEK	1417347000	1417382100
CPH	SIN	1417347000	1417389300
BRU	SVO	1417347000	1417359000
LIS	IST	1417347000	1417363500
EWR	DEN	1417347000	1417363140
MNL	PEK	1417347300	1417363500
BWI	PHX	1417347300	1417366800
JFK	LAS	1417347300	1417368300
PHL	DEN	1417347300	1417363140
BOS	SLC	1417347300	1417367460
BWI	MCO	1417347300	1417356600
JNB	SIN	1417347300	1417385100
DUS	LIS	1417347300	1417358400
LHR	CLT	1417347600	1417380900
IST	YYZ	1417347600	1417387200
GIG	BOG	1417347600	1417371000
BWI	MSP	1417347600	1417357440
DTW	FLL	1417347600	1417358280
CPH	BCN	1417347600	1417358100
IAH	DEN	1417347600	1417357020
ZRH	ARN	1417347600	1417356300
ATH	SVO	1417347600	1417362600
IST	ORD	1417347600	1417391400
LHR	DEL	1417347900	1417377300
ATL	DFW	1417347900	1417356900
DFW	ORD	1417347900	1417356300
DTW	CLT	1417347900	1417354860
JFK	BOS	1417347900	1417351980
MCO	ORD	1417347900	1417358400
MSP	ORD	1417347900	1417353900
YYZ	CLT	1417347900	1417356540
VIE	ARN	1417347900	1417356300
ATL	YYZ	1417347900	1417355460
YYZ	MSP	1417347900	1417356780
YYZ	YVR	1417347900	1417367400
ATL	MCO	1417347900	1417353000
FRA	BOM	1417347900	1417376400
ZRH	DEL	1417347900	1417374900
PEK	TPE	1417347900	1417359300
AMS	HKG	1417347900	1417388100
ZRH	DXB	1417347900	1417369200
LAX	PVG	1417348200	1417398600
LAX	SFO	1417348200	1417353000
ORD	CLT	1417348200	1417355280
PHL	PHX	1417348200	1417367700
MSP	DEN	1417348200	1417355580
ATH	CPH	1417348200	1417360500
FCO	OSL	1417348200	1417359600
BWI	DFW	1417348500	1417361700
DFW	FRA	1417348500	1417382100
FLL	PHX	1417348500	1417367880
MEX	YVR	1417348500	1417370100
TPE	CTU	1417348500	1417361700
FRA	HKG	1417348500	1417387800
AMS	DEL	1417348500	1417376400
ZRH	ORD	1417348500	1417384500
TPA	EWR	1417348560	1417357920
JFK	ORD	1417348740	1417359060
FLL	MCO	1417348800	1417352160
TXL	FCO	1417348800	1417356300
AMS	PHL	1417348800	1417380600
ATL	MIA	1417348800	1417355520
BOS	LAX	1417348800	1417372500
CLT	MIA	1417348800	1417355940
DFW	DEN	1417348800	1417356120
DFW	FLL	1417348800	1417358340
DFW	SFO	1417348800	1417363440
DFW	SLC	1417348800	1417359660
EWR	DFW	1417348800	1417363440
EWR	SEA	1417348800	1417371120
FRA	PHL	1417348800	1417381500
IAH	ORD	1417348800	1417358400
JFK	SEA	1417348800	1417371480
MAD	DFW	1417348800	1417390200
MCO	YYZ	1417348800	1417358820
MIA	LAS	1417348800	1417368540
ORD	ATL	1417348800	1417356000
ORD	BWI	1417348800	1417355520
ORD	DFW	1417348800	1417358340
ORD	JFK	1417348800	1417356300
ORD	LAX	1417348800	1417365360
ORD	MCO	1417348800	1417358520
ORD	PHL	1417348800	1417356060
TXL	JFK	1417348800	1417380600
ATL	FLL	1417348800	1417355040
IAH	ATL	1417348800	1417355700
VIE	DEL	1417348800	1417374900
FLL	LAX	1417348800	1417369500
JFK	SLC	1417348800	1417368360
IAH	SFO	1417348800	1417364400
DTW	LAS	1417348800	1417365000
MEL	NRT	1417348800	1417386000
ZRH	NRT	1417348800	1417391700
AKL	KUL	1417348800	1417387800
MUC	SIN	1417348800	1417390800
IAH	EWR	1417348800	1417360740
MCO	SFO	1417348800	1417370040
MEX	DFW	1417348920	1417358400
MIA	BOS	1417348980	1417360620
FLL	TPA	1417349100	1417353000
DUS	JFK	1417349100	1417379700
IAH	LAX	1417349100	1417363140
LHR	PHL	1417349100	1417379700
MCO	SEA	1417349100	1417371840
MEX	LAX	1417349100	1417364700
MIA	JFK	1417349100	1417359180
MIA	LAX	1417349100	1417369680
PHL	TPA	1417349100	1417359000
MAD	TXL	1417349100	1417359600
MSP	YYZ	1417349100	1417355700
MAD	MEX	1417349100	1417393800
AKL	SIN	1417349100	1417386900
ZRH	PVG	1417349100	1417391700
ZRH	SFO	1417349100	1417393500
VIE	NRT	1417349100	1417389300
OSL	SVO	1417349100	1417358400
DFW	MCO	1417349400	1417358100
DTW	PHL	1417349400	1417355820
FLL	DFW	1417349400	1417361100
HEL	JFK	1417349400	1417380900
MAD	PHL	1417349400	1417381500
MCO	PHX	1417349400	1417367280
MIA	YYZ	1417349400	1417360980
PHL	SLC	1417349400	1417367460
IAH	MSP	1417349400	1417359540
TPA	DEN	1417349400	1417363500
ZRH	LAX	1417349400	1417395000
VIE	LIS	1417349400	1417362600
ZRH	SVO	1417349400	1417361700
IAH	PHL	1417349700	1417361460
MIA	SFO	1417349700	1417372200
ORD	BOS	1417349700	1417357200
PHL	BOS	1417349700	1417354080
OSL	HEL	1417349700	1417354800
BOS	TPA	1417349700	1417362000
MCO	LAS	1417349700	1417368600
FLL	DEN	1417349700	1417365480
BWI	LAS	1417349700	1417369500
BOS	MCO	1417349940	1417361640
MNL	PVG	1417350000	1417362300
DFW	BOS	1417350000	1417362300
DFW	MSP	1417350000	1417358340
DFW	PHL	1417350000	1417361100
LHR	DEN	1417350000	1417385400
MIA	MCO	1417350000	1417353720
TPA	PHX	1417350000	1417367520
MSP	LAX	1417350000	1417364640
IAH	MEX	1417350000	1417358580
PVG	SZX	1417350000	1417359900
HKG	CAN	1417350000	1417353600
FRA	NRT	1417350000	1417391700
FRA	DEN	1417350000	1417386900
DEN	DFW	1417350300	1417357500
DTW	PHX	1417350300	1417366920
YYZ	FLL	1417350300	1417362000
ATL	DTW	1417350300	1417357140
ATL	TPA	1417350300	1417355100
BOS	DEN	1417350300	1417367760
AMS	YYZ	1417350300	1417379700
DTW	MSP	1417350300	1417357440
TPA	DTW	1417350300	1417359540
DXB	SVO	1417350300	1417371600
ATL	MSP	1417350600	1417359840
CLT	SFO	1417350600	1417371060
EWR	LHR	1417350600	1417376400
LHR	GIG	1417350600	1417392300
MEL	CAN	1417350600	1417384800
AMS	YVR	1417350600	1417386300
BWI	SLC	1417350600	1417368180
FLL	DTW	1417350600	1417361340
ARN	DXB	1417350600	1417373700
AYT	VIE	1417350600	1417361400
ARN	MAD	1417350600	1417364400
EWR	YYZ	1417350780	1417356600
BOS	SEA	1417350900	1417374600
CLT	DEN	1417350900	1417364220
DEN	LAX	1417350900	1417360500
JFK	BWI	1417350900	1417355820
PHL	MIA	1417350900	1417361520
TPA	MIA	1417350900	1417354560
FRA	PVG	1417350900	1417388400
BWI	DEN	1417350900	1417366200
FRA	MEX	1417350900	1417395000
FLL	ORD	1417351080	1417362780
MCO	BOS	1417351140	1417361340
DEN	PHX	1417351200	1417359000
ORY	EWR	1417351200	1417382700
PHL	LAX	1417351200	1417373280
CDG	NRT	1417351200	1417394400
FRA	DEL	1417351200	1417377600
LHR	MEX	1417351200	1417393200
SLC	DEN	1417351200	1417357080
TPA	LAX	1417351200	1417371000
DUB	FRA	1417351200	1417358400
MCO	DEN	1417351200	1417365960
DEN	BWI	1417351200	1417363500
FRA	MCO	1417351200	1417388700
ORD	MSP	1417351320	1417356720
PHL	EWR	1417351320	1417354440
CLT	SLC	1417351380	1417368180
ATL	PHX	1417351500	1417367640
CLT	LAX	1417351500	1417371000
DFW	EWR	1417351500	1417363800
MSP	MIA	1417351500	1417365000
PHL	LAS	1417351500	1417371780
PHX	LAX	1417351500	1417356600
DTW	YYZ	1417351500	1417355220
BOG	ATL	1417351500	1417369740
CGK	SYD	1417351500	1417377000
DFW	LAX	1417351620	1417364940
ORD	TPA	1417351800	1417361160
LHR	MSP	1417351800	1417385100
MEX	SFO	1417351800	1417369500
LIS	OSL	1417351800	1417366500
OSL	VIE	1417351800	1417360800
SIN	AKL	1417351800	1417387500
LIS	ARN	1417351800	1417367400
MSP	DTW	1417351920	1417357800
FLL	BOG	1417351980	1417365060
MNL	CGK	1417352100	1417365900
MSP	PHX	1417352100	1417364160
PHL	BWI	1417352100	1417354980
MCO	MSP	1417352100	1417364640
MSP	MCO	1417352100	1417363380
LIS	CPH	1417352100	1417365300
EWR	PHX	1417352160	1417372620
EWR	LAS	1417352340	1417373280
ATH	VIE	1417352400	1417361100
CLT	LAS	1417352400	1417370580
DEN	ORD	1417352400	1417361700
DEN	SEA	1417352400	1417363440
DFW	MEX	1417352400	1417362360
DFW	TPA	1417352400	1417360500
MEX	PHX	1417352400	1417365540
ORD	DTW	1417352400	1417357320
ORD	SFO	1417352400	1417369200
PHX	DEN	1417352400	1417359000
PHX	IAH	1417352400	1417361640
PHX	SEA	1417352400	1417362900
SLC	DFW	1417352400	1417362600
YYZ	LAX	1417352400	1417371300
YYZ	SFO	1417352400	1417372800
FRA	BOG	1417352400	1417395300
AYT	HEL	1417352400	1417366500
CAN	MEL	1417352400	1417387200
CAN	SYD	1417352400	1417386300
AYT	FRA	1417352400	1417365900
MSP	JFK	1417352400	1417361700
MSP	SLC	1417352400	1417362840
SLC	LAS	1417352400	1417358100
SLC	MSP	1417352400	1417361160
TPA	MSP	1417352400	1417364520
CPH	DUB	1417352400	1417360500
DUB	AMS	1417352400	1417358400
CPH	DXB	1417352400	1417374900
NRT	DXB	1417352400	1417395600
VIE	DXB	1417352400	1417372800
DEN	IAH	1417352400	1417360980
DEN	LAS	1417352400	1417359600
DEN	SFO	1417352400	1417362300
IAH	LAS	1417352400	1417364340
MNL	LAX	1417352400	1417401000
SLC	LAX	1417352460	1417359840
MIA	GRU	1417352700	1417383300
MSP	DFW	1417352700	1417362900
MSP	PHL	1417352700	1417362180
FCO	DUS	1417352700	1417359900
FRA	CTU	1417352700	1417387800
FRA	PEK	1417352700	1417385700
MSP	BOS	1417352700	1417362300
EWR	MEX	1417352700	1417373100
PHX	BWI	1417353000	1417368000
PHX	LAS	1417353000	1417356900
SEA	SFO	1417353000	1417360980
TXL	OSL	1417353000	1417358400
YYZ	PHX	1417353000	1417370340
ATL	SLC	1417353000	1417368420
MSP	SFO	1417353000	1417367700
CAN	BNE	1417353000	1417386600
MSP	LAS	1417353000	1417365240
SLC	SFO	1417353000	1417361340
MAD	DXB	1417353000	1417378500
FRA	RUH	1417353000	1417374000
AYT	ZRH	1417353300	1417366500
DFW	JFK	1417353300	1417366500
IAH	DFW	1417353300	1417357860
JFK	LHR	1417353300	1417378200
SEA	PHX	1417353300	1417363200
YYZ	LHR	1417353300	1417379400
YYZ	BOG	1417353300	1417374600
ATL	LAX	1417353300	1417371600
ATL	MEX	1417353300	1417366200
ATL	SEA	1417353300	1417373700
MEX	ATL	1417353300	1417365480
MSP	SEA	1417353300	1417366920
BNE	TPE	1417353300	1417384800
MUC	PEK	1417353300	1417389000
DEN	SLC	1417353300	1417359180
JFK	MSP	1417353300	1417364700
IAH	TPA	1417353300	1417360860
DEN	DTW	1417353600	1417363980
IAH	DTW	1417353600	1417363800
BNE	KUL	1417353600	1417383000
IAH	FLL	1417353600	1417362300
SFO	DEN	1417353840	1417362960
TPA	FLL	1417353900	1417357680
PHX	SLC	1417353900	1417359600
ATL	LAS	1417353900	1417370340
DUB	CDG	1417353900	1417360800
MCO	DTW	1417353900	1417363380
MSP	EWR	1417353900	1417363680
ATH	DXB	1417353900	1417370700
MUC	DXB	1417353900	1417374900
DTW	MCO	1417353960	1417363200
DFW	DTW	1417354200	1417363740
DFW	LAS	1417354200	1417364700
PHL	MSP	1417354200	1417364700
SEA	DEN	1417354200	1417363320
AMS	DXB	1417354200	1417377540
LHR	PVG	1417354200	1417395000
CAN	LAX	1417354200	1417399800
DEN	MSP	1417354200	1417361160
IST	RUH	1417354200	1417369500
BSB	MIA	1417354320	1417382820
BOS	LAS	1417354320	1417376280
IAH	BOS	1417354320	1417367880
MCO	GRU	1417354500	1417386000
SLC	PHL	1417354500	1417369440
YYZ	MEX	1417354500	1417373100
IAH	CDG	1417354500	1417386600
FLL	SFO	1417354500	1417377600
DTW	SLC	1417354500	1417369320
JFK	PHL	1417354500	1417359180
DUS	DXB	1417354500	1417377540
IST	DXB	1417354500	1417369500
LIS	DXB	1417354500	1417380900
LAS	DEN	1417354500	1417361400
AMS	MEX	1417354500	1417397100
MCO	FLL	1417354560	1417358820
DTW	TPA	1417354680	1417364400
LAS	LAX	1417354800	1417358700
DUB	LHR	1417354800	1417359900
AMS	PEK	1417354800	1417388100
DUB	BCN	1417354800	1417363800
ZRH	OSL	1417354800	1417363500
DTW	SFO	1417354860	1417374000
DFW	SEA	1417355100	1417371000
LAX	DEN	1417355100	1417364100
YYZ	DEN	1417355100	1417368360
SEA	IAH	1417355100	1417370280
DTW	LAX	1417355100	1417373700
DTW	SEA	1417355100	1417373280
IAH	SLC	1417355100	1417367340
ORD	SLC	1417355400	1417368480
PHX	YYZ	1417355400	1417370400
ATL	BWI	1417355400	1417361940
FCO	NRT	1417355400	1417399500
DTW	DEN	1417355400	1417366860
BCN	DXB	1417355400	1417379700
MEX	DEN	1417355520	1417368960
PHX	EWR	1417355700	1417372560
SEA	DFW	1417355700	1417369800
SFO	LAS	1417355700	1417361100
EWR	BWI	1417355760	1417360080
ATH	DUS	1417356000	1417367700
JFK	DFW	1417356000	1417371000
LAS	ORD	1417356000	1417369200
LAX	JFK	1417356000	1417374600
LAX	ORD	1417356000	1417370700
LAX	SEA	1417356000	1417365960
LAX	SLC	1417356000	1417362720
SEA	ORD	1417356000	1417370400
SFO	LAX	1417356000	1417361400
SFO	ORD	1417356000	1417371300
SFO	PHX	1417356000	1417362840
SFO	SEA	1417356000	1417363980
SLC	PHX	1417356000	1417362540
YVR	LAX	1417356000	1417366500
YVR	SEA	1417356000	1417358940
YVR	SFO	1417356000	1417364220
LAS	ATL	1417356000	1417369560
MEX	MCO	1417356000	1417367220
SEA	SLC	1417356000	1417362900
SFO	BOS	1417356000	1417376700
CTU	BOM	1417356000	1417375200
LAS	DTW	1417356000	1417369800
DUB	MUC	1417356000	1417364700
LAS	SFO	1417356000	1417361880
MNL	SFO	1417356000	1417402800
BRU	OSL	1417356000	1417363800
LAX	BWI	1417356000	1417374000
SFO	EWR	1417356120	1417375800
DUB	DUS	1417356300	1417362900
LHR	PHX	1417356300	1417395000
SEA	LAS	1417356300	1417364520
SEA	DTW	1417356300	1417371240
SFO	SLC	1417356300	1417363380
DUB	VIE	1417356300	1417366200
SEA	LAX	1417356600	1417365840
VIE	CPH	1417356600	1417362900
JFK	DTW	1417356600	1417364160
ORY	ARN	1417356600	1417366200
DUB	FCO	1417356600	1417367700
YVR	ORD	1417356660	1417371000
LAX	LAS	1417356900	1417360920
LAS	PHX	1417356900	1417361100
LHR	BWI	1417356900	1417387800
SEA	EWR	1417356900	1417375740
SFO	ATL	1417356900	1417373160
VIE	PEK	1417356900	1417389300
CAN	HKG	1417356900	1417360800
LIS	DUB	1417356900	1417366800
DFW	BWI	1417357200	1417367280
MIA	PHX	1417357200	1417375920
YYZ	LAS	1417357200	1417374600
FCO	YYZ	1417357200	1417392600
LAX	ATL	1417357200	1417372500
FCO	RUH	1417357200	1417374900
MNL	SYD	1417357200	1417386600
ORD	LAS	1417357320	1417371900
JFK	NRT	1417357500	1417409100
LHR	YVR	1417357500	1417392300
CGK	NRT	1417357500	1417383300
SLC	ORD	1417357680	1417369380
CLT	SEA	1417357800	1417378800
LAX	PHX	1417357800	1417362540
MIA	BWI	1417357800	1417367280
SEA	ATL	1417357800	1417374300
DEL	JED	1417357800	1417379400
HEL	FCO	1417357800	1417370100
LAS	SLC	1417357800	1417362600
SLC	DTW	1417357800	1417370220
ARN	FLL	1417357800	1417395600
CLT	MEX	1417358100	1417373220
PHX	JFK	1417358100	1417375080
MUC	BOS	1417358100	1417390500
ATH	BRU	1417358400	1417371000
CPH	MAD	1417358400	1417370400
CPH	ORD	1417358400	1417392600
LIS	GIG	1417358400	1417393500
SFO	JFK	1417358700	1417378380
ARN	VIE	1417358700	1417366500
YVR	MSP	1417358700	1417371120
SFO	NRT	1417358700	1417402500
CPH	AYT	1417358700	1417371600
CPH	NRT	1417358700	1417398000
BOG	FLL	1417358820	1417373100
BOG	EWR	1417358880	1417380780
KUL	NRT	1417359000	1417383600
LAX	BOS	1417359000	1417378020
DEL	NRT	1417359000	1417386000
BOG	MCO	1417359000	1417374360
BNE	HKG	1417359000	1417389900
MUC	SFO	1417359000	1417402800
PVG	ZRH	1417359000	1417405200
EWR	PVG	1417359300	1417413900
SLC	IAH	1417359480	1417371000
LAS	JFK	1417359600	1417377120
LAX	YYZ	1417359600	1417376640
ORD	LHR	1417359600	1417387200
SEA	JFK	1417359600	1417378500
YVR	YYZ	1417359600	1417375620
YYZ	TPA	1417359600	1417369920
LAS	SEA	1417359600	1417368900
HEL	MAD	1417359600	1417375500
TPE	SYD	1417359600	1417393200
SFO	DTW	1417359600	1417375620
BRU	DUB	1417359600	1417365600
MEX	EWR	1417359600	1417376640
YVR	IAH	1417359600	1417375500
DEN	MCO	1417359720	1417371960
MEX	LAS	1417359900	1417374420
IAH	SEA	1417359900	1417377780
PVG	HEL	1417359900	1417398000
PVG	CGK	1417359900	1417383600
DEN	EWR	1417360080	1417373400
MIA	TPA	1417360200	1417364220
CDG	BOS	1417360200	1417388400
DTW	MEX	1417360200	1417376400
HEL	PVG	1417360200	1417392900
CAN	IST	1417360200	1417404000
MSP	TPA	1417360200	1417371420
SIN	MUC	1417360200	1417407000
SVO	DEL	1417360200	1417382100
DTW	JFK	1417360500	1417367040
LAX	DTW	1417360500	1417376100
BWI	LAX	1417360500	1417382400
IST	NRT	1417360500	1417401000
OSL	BRU	1417360500	1417367700
HKG	IST	1417360500	1417403400
HEL	NRT	1417360800	1417395900
HKG	FRA	1417360800	1417408200
MSP	BWI	1417360800	1417369860
BCN	OSL	1417360800	1417373100
LAS	BWI	1417360800	1417376700
LAS	YVR	1417361100	1417371480
SEA	YVR	1417361100	1417364040
CGK	MEL	1417361100	1417384800
EWR	NRT	1417361100	1417412700
ORY	JFK	1417361400	1417393800
YVR	DEN	1417361400	1417371480
HKG	CDG	1417361400	1417410000
SLC	SEA	1417361400	1417369020
SVO	CAN	1417361400	1417396200
SLC	BWI	1417361400	1417376100
OSL	DUS	1417361400	1417368300
SIN	ZRH	1417361400	1417410600
KUL	IST	1417361400	1417402800
PVG	CPH	1417361400	1417405800
DUS	BCN	1417361700	1417369500
BOM	NRT	1417361700	1417391100
SFO	YYZ	1417361700	1417379520
ARN	BCN	1417361700	1417374600
CGK	PEK	1417361700	1417387800
SLC	JFK	1417361760	1417377540
DFW	NRT	1417362000	1417411200
KUL	CDG	1417362000	1417410600
JFK	DXB	1417362000	1417407000
JFK	JNB	1417362000	1417416000
TPE	SEA	1417362000	1417399800
TPE	YVR	1417362000	1417401000
LAX	YVR	1417362300	1417372560
TPE	DXB	1417362300	1417398000
HKG	MUC	1417362300	1417408200
RUH	MNL	1417362300	1417399500
KUL	AMS	1417362540	1417409940
ATL	NRT	1417362540	1417415100
TPE	CDG	1417362600	1417413000
TPE	FRA	1417362600	1417411500
HKG	JNB	1417362600	1417411200
MSP	YVR	1417362600	1417377240
JED	CGK	1417362600	1417396800
SIN	IST	1417362600	1417407000
JNB	SYD	1417362600	1417405500
LAS	EWR	1417362840	1417380480
DFW	YVR	1417362900	1417379100
KUL	LHR	1417362900	1417412100
SIN	NRT	1417362900	1417387200
SFO	YVR	1417362900	1417371240
SIN	CDG	1417362900	1417413300
SIN	HEL	1417362900	1417407300
PVG	LHR	1417362900	1417409400
SIN	AMS	1417362900	1417412700
ORD	YVR	1417363020	1417379580
KUL	FRA	1417363140	1417410600
LAS	CLT	1417363140	1417377780
HKG	ZRH	1417363140	1417410600
BCN	DUS	1417363200	1417371300
LAX	MCO	1417363200	1417380000
LHR	LAS	1417363200	1417401000
MIA	DEN	1417363200	1417379640
SEA	YYZ	1417363200	1417379640
HEL	PEK	1417363200	1417391400
DUB	EWR	1417363200	1417391400
SVO	NRT	1417363200	1417398000
SEA	MCO	1417363500	1417382640
CAN	AMS	1417363500	1417409700
ARN	DUS	1417363800	1417371000
LAX	EWR	1417363800	1417382940
YVR	PHX	1417364100	1417375080
LHR	CTU	1417364100	1417401300
AMS	PVG	1417364100	1417401600
SEA	BWI	1417364100	1417382400
CAN	CDG	1417364400	1417412400
TPE	AMS	1417364400	1417413300
SFO	FLL	1417364400	1417383600
OSL	ORY	1417364700	1417373400
MIA	DTW	1417364760	1417376220
LHR	PEK	1417365000	1417400700
ZRH	BOS	1417365000	1417395900
SEA	PHL	1417365300	1417383540
DUS	ARN	1417365600	1417372500
DFW	YYZ	1417365600	1417375800
YVR	DFW	1417365600	1417380000
FLL	YYZ	1417365600	1417377000
SEA	FLL	1417365600	1417386000
DEN	FLL	1417365600	1417379100
IAH	NRT	1417365600	1417416600
SIN	BCN	1417365600	1417416000
ORD	NRT	1417365900	1417413600
HKG	HEL	1417365900	1417405200
CGK	PVG	1417365900	1417389000
MEX	MUC	1417365900	1417406700
SLC	BOS	1417365960	1417382040
CTU	MEL	1417366200	1417403400
BOS	NRT	1417366200	1417415700
PHX	FLL	1417366200	1417381860
JFK	PEK	1417366200	1417416000
PEK	IST	1417366200	1417403400
DUB	OSL	1417366200	1417374000
DEL	HKG	1417366500	1417385100
EWR	PEK	1417366500	1417417200
PVG	JFK	1417366500	1417418700
SLC	MCO	1417366620	1417381800
DEN	YYZ	1417366740	1417378500
PVG	YYZ	1417366800	1417418700
DTW	PEK	1417366800	1417417800
DEN	BOS	1417366920	1417380420
OSL	JFK	1417367100	1417397400
LAX	TPE	1417367400	1417425900
SLC	EWR	1417367400	1417383000
DUB	YYZ	1417367700	1417394700
YVR	EWR	1417367700	1417386540
SEA	BOS	1417368000	1417387080
DFW	DXB	1417368000	1417420800
ARN	PEK	1417368000	1417398000
LAS	MCO	1417368000	1417383300
CPH	LIS	1417368000	1417381800
DTW	PVG	1417368120	1417420500
MSP	NRT	1417368120	1417414200
CPH	PVG	1417368300	1417405500
YYZ	PVG	1417368600	1417420800
PVG	FCO	1417368600	1417416300
PEK	KUL	1417368600	1417392000
DTW	NRT	1417368600	1417417200
IAH	YYZ	1417368900	1417379700
IST	BOM	1417368900	1417390800
GRU	ZRH	1417368900	1417410600
TXL	ORY	1417369200	1417375500
PVG	SEA	1417369200	1417408740
OSL	LIS	1417369200	1417384200
DEN	TPA	1417369200	1417380900
JNB	FRA	1417369200	1417408200
ZRH	AYT	1417369500	1417381200
LHR	MNL	1417369500	1417418100
JNB	IST	1417369500	1417404000
DUB	JFK	1417369800	1417397100
DUB	LIS	1417369800	1417379700
DEN	JFK	1417369860	1417383120
PHX	MEX	1417370100	1417381260
ORD	PEK	1417370400	1417419000
IST	DEL	1417370400	1417391700
LAS	TPA	1417370400	1417385400
ARN	LIS	1417370400	1417386600
SLC	YVR	1417370460	1417379400
DUS	ATH	1417370700	1417381500
DUB	PHL	1417370700	1417399200
YVR	LAS	1417370700	1417380240
CPH	ORY	1417370700	1417377900
DUS	OSL	1417370700	1417377300
DEL	EWR	1417370700	1417426800
SFO	MCO	1417370880	1417389420
PHX	YVR	1417371000	1417383300
DUB	IST	1417371000	1417386600
JED	BOM	1417371300	1417387200
JNB	CDG	1417371300	1417410300
LAX	FLL	1417371300	1417388400
JFK	IST	1417371300	1417405500
TPA	LAS	1417371600	1417389900
JNB	LHR	1417371900	1417411800
TXL	PEK	1417371900	1417405800
DEN	YVR	1417372140	1417383420
PVG	YVR	1417372200	1417410600
CDG	PEK	1417372200	1417408800
DUB	BOS	1417372200	1417397700
DUB	ZRH	1417372200	1417379700
JNB	ZRH	1417372200	1417410600
JNB	ATL	1417372500	1417433160
BOM	EWR	1417372800	1417431900
LAX	NRT	1417372920	1417416000
DUS	PEK	1417373100	1417409100
PVG	SFO	1417373100	1417411800
FRA	GRU	1417373100	1417417200
TPA	YYZ	1417373400	1417383420
FCO	PEK	1417373400	1417411200
IAH	BWI	1417373580	1417384320
GRU	FCO	1417373700	1417414500
BRU	ATH	1417374000	1417385400
MEX	MAD	1417374000	1417411800
GIG	FCO	1417374000	1417413900
DXB	ATL	1417374000	1417430520
AYT	OSL	1417374000	1417389000
DUB	ARN	1417374000	1417383300
LAX	MNL	1417374000	1417434600
GRU	MAD	1417374300	1417411800
LAX	TPA	1417374300	1417390500
DEN	NRT	1417374300	1417419000
MCO	MEX	1417374540	1417387500
DUS	NRT	1417374600	1417417200
YYZ	PEK	1417374900	1417423800
JED	KUL	1417375200	1417406100
JFK	SVO	1417375200	1417407600
DUB	SFO	1417375200	1417414800
JFK	DEL	1417375500	1417425600
JFK	PVG	1417375500	1417425900
SEA	NRT	1417375500	1417414500
YYZ	BWI	1417375800	1417381740
ORD	DEL	1417375800	1417427700
YVR	CAN	1417375800	1417425600
ORY	OSL	1417375800	1417384200
OSL	BCN	1417375800	1417388100
MUC	JNB	1417375800	1417414200
BOG	MAD	1417375980	1417411500
CLT	YYZ	1417376100	1417383120
MEX	CLT	1417376400	1417389240
JNB	MUC	1417376400	1417413600
MEX	YYZ	1417376700	1417392600
AMS	TPE	1417376700	1417420200
FCO	PVG	1417376700	1417415700
DUB	BRU	1417376700	1417382400
FRA	JNB	1417376700	1417415700
GRU	LIS	1417376700	1417412100
BOM	ZRH	1417377000	1417410900
GIG	CDG	1417377300	1417417200
BOM	MUC	1417377300	1417409100
SFO	PEK	1417377300	1417422300
AMS	CTU	1417377300	1417412400
DUB	DXB	1417377300	1417404300
BOM	HKG	1417377600	1417397400
DUB	ORD	1417377600	1417408200
SFO	PVG	1417377600	1417429500
BOM	JNB	1417377900	1417410000
DEL	JFK	1417377900	1417433700
GRU	LHR	1417377900	1417418400
CPH	PEK	1417377900	1417410300
ORY	TXL	1417378200	1417384200
YVR	PVG	1417378200	1417422000
BOG	JFK	1417378440	1417399200
GRU	CDG	1417378500	1417419000
YVR	PEK	1417378800	1417420800
DEL	MUC	1417378800	1417410300
LAS	MEX	1417378800	1417392300
BOG	GRU	1417378800	1417401000
BOM	CTU	1417378800	1417396200
MCO	BOG	1417378920	1417393800
ATL	CDG	1417379280	1417410600
LAS	YYZ	1417379400	1417394100
MIA	MSP	1417379400	1417393440
BOG	YYZ	1417379400	1417401600
DEL	ORD	1417379400	1417437000
LAS	BOS	1417379400	1417397100
FLL	MSP	1417379400	1417393380
GRU	JNB	1417379400	1417411200
DEL	ZRH	1417379700	1417411500
FCO	GIG	1417379700	1417423500
ATL	AMS	1417379700	1417409100
ORY	CPH	1417379700	1417386600
DUB	MAD	1417379700	1417388700
BOM	BRU	1417380000	1417416600
YVR	NRT	1417380000	1417419000
MEX	DTW	1417380300	1417395600
LHR	JED	1417380300	1417401300
CTU	AMS	1417380300	1417422600
DEL	VIE	1417380600	1417409700
MIA	DUS	1417381200	1417413000
SEA	PEK	1417381200	1417424700
GRU	MUC	1417381200	1417423800
DTW	AMS	1417381260	1417409700
JFK	CDG	1417381500	1417408200
MIA	TXL	1417381500	1417415400
ATL	FCO	1417381500	1417416300
YVR	SLC	1417381500	1417389300
BOM	AMS	1417381800	1417420800
BOS	FRA	1417381800	1417407600
SEA	PVG	1417381920	1417428900
DTW	FRA	1417382100	1417412400
FRA	GIG	1417382100	1417424700
MUC	HKG	1417382100	1417422000
SEA	CLT	1417382400	1417399980
MUC	GRU	1417382400	1417428300
MSP	AMS	1417382520	1417412100
YVR	FRA	1417382700	1417418400
EWR	BOM	1417382700	1417435200
FCO	GRU	1417382700	1417427100
MUC	MEX	1417382700	1417431300
SEA	AMS	1417382820	1417418100
ATL	MUC	1417382940	1417416600
DEL	BRU	1417383000	1417416600
IAH	LHR	1417383000	1417416900
PHL	FRA	1417383000	1417410900
PVG	EWR	1417383000	1417434900
RUH	CGK	1417383000	1417415400
EWR	BOG	1417383240	1417404840
DEN	MEX	1417383240	1417395600
JFK	FCO	1417383300	1417414200
YYZ	IST	1417383300	1417418700
BOM	FRA	1417383300	1417414800
IAH	BOG	1417383600	1417401900
HEL	HKG	1417383600	1417419000
EWR	DUS	1417383600	1417410300
ZRH	HKG	1417383600	1417426200
IAH	AMS	1417383900	1417418100
GRU	FRA	1417383900	1417425600
ZRH	JNB	1417383900	1417422300
LAX	AMS	1417384200	1417421100
SFO	FRA	1417384200	1417423500
YYZ	FRA	1417384500	1417411800
HEL	SIN	1417384500	1417426200
JNB	AMS	1417384500	1417425000
PVG	ORD	1417384800	1417431900
LIS	HEL	1417384800	1417401600
DEL	AMS	1417384800	1417415400
MIA	FRA	1417384800	1417417200
MIA	ZRH	1417384800	1417417500
SEA	LHR	1417385100	1417419000
SFO	CDG	1417385100	1417425300
RUH	LHR	1417385100	1417410900
SEA	FRA	1417385100	1417421700
JFK	MAD	1417385400	1417411800
MIA	LHR	1417385400	1417415400
JFK	GRU	1417385700	1417422300
BOS	FCO	1417385700	1417414800
EWR	MUC	1417386000	1417414800
BWI	SEA	1417386000	1417406400
MIA	MAD	1417386300	1417416600
JED	SIN	1417386300	1417419000
IAH	MUC	1417386300	1417423800
ATL	LHR	1417386600	1417415700
JFK	BCN	1417386600	1417414200
JFK	DUB	1417386600	1417410900
CDG	JNB	1417386600	1417425000
LHR	CAN	1417386600	1417428300
EWR	SLC	1417386600	1417405260
JFK	MUC	1417386600	1417416000
EWR	ARN	1417386600	1417415400
EWR	CPH	1417386600	1417414200
MEX	GRU	1417386900	1417422300
PVG	DTW	1417386900	1417434900
EWR	AMS	1417386900	1417414500
ATL	DUS	1417387080	1417418400
JFK	DUS	1417387200	1417413300
PHL	SEA	1417387200	1417409400
IST	PVG	1417387200	1417423800
ATL	BOG	1417387440	1417404900
JFK	HEL	1417387500	1417416600
DXB	DFW	1417387500	1417446300
SFO	AMS	1417387500	1417426200
PEK	ZRH	1417387500	1417426800
ATL	BRU	1417387560	1417418700
DFW	LHR	1417387800	1417418700
JFK	TXL	1417387800	1417415400
YYZ	DUB	1417387800	1417411200
JED	CDG	1417387800	1417410600
IST	CAN	1417387800	1417422900
IST	HKG	1417387800	1417423200
IST	JNB	1417387800	1417423200
ORD	CDG	1417387920	1417418700
ATL	MAD	1417387980	1417419000
BOS	LHR	1417388100	1417410600
ORD	MAD	1417388100	1417416600
JFK	BRU	1417388100	1417413600
DXB	NRT	1417388100	1417422000
EWR	LIS	1417388100	1417413600
YYZ	VIE	1417388400	1417419600
IST	PEK	1417388400	1417421100
DUB	CPH	1417388400	1417396200
EWR	TXL	1417388400	1417417500
IST	KUL	1417388400	1417425900
JFK	VIE	1417388400	1417418700
DFW	CDG	1417388700	1417422900
SIN	SZX	1417388700	1417402200
GIG	MAD	1417388700	1417425300
EWR	CDG	1417389000	1417415700
GRU	AMS	1417389000	1417431000
EWR	FRA	1417389000	1417416300
MSP	CDG	1417389120	1417419300
YYZ	BRU	1417389300	1417416300
JFK	ZRH	1417389300	1417416900
BOS	DUB	1417389300	1417411500
TPA	SEA	1417389300	1417410900
CLT	LHR	1417389600	1417417500
MIA	CDG	1417389600	1417421400
DTW	CDG	1417389840	1417418400
PHL	CDG	1417389900	1417416900
PHL	FCO	1417389900	1417420500
YYZ	CDG	1417389900	1417417500
EWR	BRU	1417390200	1417416600
MIA	BCN	1417390200	1417422900
PHL	BRU	1417390200	1417417500
EWR	YVR	1417390200	1417413000
BOG	CDG	1417390200	1417428600
FLL	SEA	1417390200	1417414020
SFO	DXB	1417390200	1417447500
YYZ	AMS	1417390200	1417416300
PHL	LHR	1417390500	1417416000
PHL	MUC	1417390500	1417419900
LAX	DXB	1417390500	1417448100
SYD	JNB	1417390500	1417440900
YVR	MEX	1417390800	1417409700
DEL	SVO	1417390800	1417414800
BOS	AMS	1417390920	1417416000
DFW	BOG	1417391100	1417410600
LAX	CDG	1417391100	1417430100
GIG	AMS	1417391100	1417432500
ORD	MUC	1417391100	1417423800
DFW	MAD	1417391400	1417425600
ORD	DUS	1417391400	1417421400
PHL	MAD	1417391400	1417418100
MEL	CGK	1417391400	1417417200
CLT	MUC	1417391400	1417423200
EWR	ZRH	1417391400	1417419600
YYZ	SEA	1417391700	1417410600
BNE	CAN	1417391700	1417424100
LAX	SVO	1417391700	1417436400
OSL	AYT	1417391700	1417406100
MNL	LHR	1417391700	1417444500
EWR	OSL	1417391700	1417418100
ORD	BRU	1417391700	1417422000
ATL	BSB	1417391760	1417422600
JFK	GIG	1417392000	1417428540
LAX	LHR	1417392000	1417430400
MIA	SEA	1417392000	1417416600
MSP	LHR	1417392300	1417422300
DEL	IST	1417392300	1417416300
EWR	BCN	1417392300	1417420800
SFO	LHR	1417392600	1417430100
SYD	DEL	1417392600	1417438500
EWR	DUB	1417392600	1417417200
IAH	YVR	1417392600	1417410540
MEL	LAX	1417392900	1417445400
YVR	AMS	1417392900	1417427400
SYD	MNL	1417392900	1417422300
BWI	LHR	1417393200	1417419300
FLL	LAS	1417393200	1417413000
JED	YYZ	1417393200	1417441800
IAH	DXB	1417393500	1417446300
GRU	YYZ	1417393800	1417430700
ATL	GRU	1417394100	1417428900
DXB	TPE	1417394100	1417423200
DEN	FRA	1417394100	1417428600
GIG	ATL	1417394160	1417430400
DEN	LHR	1417394400	1417426200
GIG	JFK	1417394400	1417432500
JED	FRA	1417394400	1417416300
GRU	ATL	1417394400	1417430100
JFK	DEN	1417394700	1417411620
YYZ	LIS	1417394700	1417420200
MIA	GIG	1417395000	1417426200
PEK	CGK	1417395000	1417421400
GIG	IAH	1417395000	1417432500
YYZ	MUC	1417395300	1417424400
LAS	FRA	1417395300	1417435500
GRU	DTW	1417395300	1417434120
BOS	CDG	1417395600	1417419300
TPE	CGK	1417395600	1417414800
GRU	EWR	1417395600	1417431600
GRU	ORD	1417395600	1417434300
PVG	SYD	1417395900	1417434000
DTW	GRU	1417395900	1417434300
MIA	AMS	1417395900	1417422600
BOM	IST	1417396200	1417423200
SEA	DXB	1417396200	1417448400
BNE	LAX	1417396500	1417444200
ORD	DUB	1417396500	1417424400
PVG	MEL	1417396500	1417435200
ORD	ZRH	1417396500	1417427700
ATL	JNB	1417396620	1417451700
SFO	DUB	1417396800	1417433700
BOS	MUC	1417396800	1417424100
EWR	MAD	1417396800	1417423500
MCO	FRA	1417396800	1417428300
JED	LAX	1417396800	1417456800
CLT	FRA	1417397100	1417428000
SYD	YVR	1417397100	1417448400
EWR	ORY	1417397400	1417424700
NRT	KUL	1417397400	1417424700
GRU	MEX	1417397400	1417432200
CAN	LHR	1417397400	1417444200
SFO	CPH	1417397400	1417436400
JFK	RUH	1417397400	1417440300
GRU	IAH	1417397400	1417433400
GIG	DFW	1417397700	1417437600
CGK	CAN	1417397700	1417416300
GRU	DFW	1417398000	1417435500
EWR	DEL	1417398000	1417449000
KUL	BNE	1417398300	1417428600
PHL	AMS	1417398600	1417426200
MIA	FCO	1417398600	1417433400
GIG	LHR	1417398900	1417439700
GIG	FRA	1417398900	1417440000
GIG	LIS	1417398900	1417434600
BSB	ATL	1417399080	1417430100
PHL	DUB	1417399200	1417423200
YVR	LHR	1417399200	1417432500
MIA	BSB	1417399500	1417427640
JFK	YVR	1417399800	1417421400
NRT	ZRH	1417399800	1417445400
DFW	GRU	1417400100	1417436700
GRU	LAX	1417400100	1417444800
PVG	DEL	1417400100	1417426200
BOG	BCN	1417400580	1417438200
NRT	DUS	1417400700	1417444800
JFK	ORY	1417401000	1417428300
YVR	AKL	1417401000	1417451400
NRT	AMS	1417401000	1417443000
IAH	IST	1417401000	1417442400
